,Unnamed: 0,name,list_date,amount,avg_price,p_pc,wom_index,title,rate,directors,actors,types,region,duration,url,release_year
0,0,21克拉,2018-04-20,10688.0,31.0,7.0,4.6,21克拉‎ (2018),4.6,何念,郭京飞|迪丽热巴|大鹏|包贝尔|刘芮麟|王厂长|张钟仪|榕榕|张杨智子,喜剧|爱情,中国大陆,96.0,https://movie.douban.com/subject/26691361/,2018
1,1,一出好戏,2018-08-10,132009.0,35.0,28.0,7.56,一出好戏‎ (2018),7.2,黄渤,黄渤|舒淇|王宝强|张艺兴|于和伟|王迅|李勤勤|李又麟|宁浩|管虎|梁静|徐峥|陈德森|张磊,剧情|喜剧,中国大陆,134.0,https://movie.douban.com/subject/26985127/,2018
2,2,侏罗纪世界2,2018-06-15,169379.0,35.0,16.0,7.2,侏罗纪世界2 Jurassic World: Fallen Kingdom‎ (2018),6.7,胡安·安东尼奥·巴亚纳,克里斯·帕拉特|布莱丝·达拉斯·霍华德|贾斯蒂斯·史密斯|伊莎贝拉·瑟蒙|拉菲·斯波|托比·琼斯|泰德·拉文|詹姆斯·克伦威尔|黄荣亮|丹妮艾拉·皮内达|杰拉丁·卓别林|杰夫·高布伦|卡米尔·雷米泽斯基|丹尼尔·斯蒂森|皮特·杰森|迈克尔·帕帕约翰|罗伯特·埃姆斯|罗南·萨莫尔斯|麦克斯·贝克|丹尼尔·厄根|戴维·奥拉瓦莱·阿印德,动作|科幻|冒险,美国,128.0,https://movie.douban.com/subject/26416062/,2018
3,3,公牛历险记,2018-01-19,13510.0,32.0,14.0,8.13,公牛历险记 Ferdinand‎ (2017),7.2,卡洛斯·沙尔丹哈,约翰·塞纳|凯特·麦克金农|莉莉·戴|鲍比·坎纳瓦尔|安东尼·安德森|大卫·田纳特|吉娜·罗德里格兹|戴维德·迪格斯|加布里埃尔·伊格莱西亚斯|杰洛德·卡尔迈克|劳尔·埃斯帕扎|米格尔·安赫尔·西尔维斯特|弗卢拉·博格|莎莉·菲利普斯|波瑞斯·科乔|杰克·戈尔|杰特·尤尔根斯米尔|奈尔·迪亚兹|科林·H·墨菲|卡洛斯·沙尔丹哈|杰瑞米·西斯托|路易斯·卡洛斯·德拉·隆巴纳|胡安内斯|茱莉亚·斯卡帕·萨尔达尼亚|拉斐尔·斯卡帕·萨尔达尼亚|卡拉·马丁内斯|乔迪·卡巴勒罗|玛丽亚·佩拉莫尔|娜扎宁·霍马|安德烈亚斯·A·埃斯帕萨|詹姆斯·帕伦博|伯纳多·德·保拉|贝莉塔·莫里诺|蒂姆·诺德奎斯特|阿尔瓦罗·门多萨|卡洛斯·雷格-普拉扎|辛迪·斯拉特里|杰森·弗里基奥内|苏珊娜·巴列斯特罗斯|安娜·帕特丽夏·加梅斯,喜剧|动画|冒险,美国,108.0,https://movie.douban.com/subject/25846857/,2017
4,4,冰雪女王3：火与冰,2018-04-05,6390.0,31.0,9.0,6.04,冰雪女王3：火与冰 Снежная королева 3: Огонь и лед‎ (2016),4.7,阿列克谢·特斯蒂斯林,迪·布拉雷·贝克尔|洛瑞·加纳|Devin Bailey Griffin|杰森·格里菲斯|格林汉姆·豪斯蒂德|Laurie Hymes|瓦内莎·约翰逊|加利克·哈尔拉莫夫|萨马拉·娜耶姆|伊万·阿赫洛贝斯金|Scottie Ray|Alyson Leigh Rosenfeld|Eileen Stevens|Billy Bob Thompson|马克·汤普森,动画|冒险|家庭,俄罗斯,90.0,https://movie.douban.com/subject/26588783/,2016
5,5,动物世界,2018-06-29,50880.0,37.0,15.5,7.314999999999999,动物世界‎ (2018),7.3,韩延,李易峰|迈克尔·道格拉斯|周冬雨|曹炳琨|王戈|苏可,剧情|动作|冒险,中国大陆,132.0,https://movie.douban.com/subject/26925317/,2018
6,6,勇敢者游戏：决战丛林,2018-01-12,47669.0,34.0,19.0,7.87,勇敢者游戏：决战丛林 Jumanji: Welcome to the Jungle‎ (2017),6.9,杰克·卡斯丹,道恩·强森|凯文·哈特|杰克·布莱克|凯伦·吉兰|尼克·乔纳斯|瑞斯·达比|鲍比·坎纳瓦尔|亚历克斯·沃尔夫|瑟达吕斯·布兰|麦迪森·伊瑟曼|摩根·特纳|梅森·古乔内|马克·埃文·杰克逊|玛琳·辛科|特雷西·邦纳|玛莉贝丝·梦露|米西·派勒|杰米·雷内尔|卡尔利斯·布克|罗翰·昌德|科林·汉克斯,动作|奇幻|冒险,美国,119.0,https://movie.douban.com/subject/26586766/,2017
7,7,南极之恋,2018-02-01,23334.0,32.0,11.0,7.88,南极之恋‎ (2018),6.7,吴有音,赵又廷|杨子姗,爱情|冒险,中国大陆,117.0,https://movie.douban.com/subject/26628329/,2018
8,8,厉害了，我的国,2018-03-02,43971.0,32.0,28.0,0.0,厉害了，我的国‎ (2018),4.3,卫铁,,纪录片,中国大陆,90.0,https://movie.douban.com/subject/30152451/,2018
9,9,厕所英雄,2018-06-08,9447.0,31.0,7.0,7.27,厕所英雄 Toilet - Ek Prem Katha‎ (2017),7.1,什里·那拉扬·辛,阿克谢·库玛尔|阿努潘·凯尔|布米·佩德卡尔|拉什·沙玛|萨钦·克德卡|莎娜·可汗|迪韦严杜·沙玛,剧情|喜剧,印度,150.0,https://movie.douban.com/subject/26942645/,2017
10,10,反贪风暴3,2018-09-14,40473.0,36.0,11.0,0.0,反贪风暴3 L風暴‎ (2018),5.6,林德禄 ,古天乐|张智霖|郑嘉颖|邓丽欣|栢天男|谢天华|张继聪|夏嫣|蔡瀚亿|廖启智|谭耀文|卢海鹏|罗兰|麦长青|张松枝|陈庭欣|丁海峰|冯雷|李昕岳,剧情|动作|犯罪,香港,97.0,https://movie.douban.com/subject/26996640/,2018
11,11,古墓丽影：源起之战,2018-03-16,48627.0,35.0,14.0,6.73,古墓丽影：源起之战 Tomb Raider‎ (2018),6.0,罗阿尔·乌索格,艾丽西亚·维坎德|多米尼克·威斯特|沃尔顿·戈金斯|吴彦祖|克里斯汀·斯科特·托马斯|汉娜·乔恩-卡门|尼克·弗罗斯特|德里克·雅各比|安东尼奥·阿克儿|亚历山大·维尧姆|杰美·温斯顿|迈克尔·奥拜奥拉|艾米丽·凯里|肯尼思·霍,动作|冒险,美国,118.0,https://movie.douban.com/subject/3445906/,2018
12,12,后来的我们,2018-04-28,135813.0,34.0,30.5,6.33,后来的我们‎ (2018),5.9,刘若英,井柏然|周冬雨|田壮壮|曲哲明|刘启恒|苏小明|邹倚天|张子贤|施予斐|李剑青,剧情|爱情,中国大陆,120.0,https://movie.douban.com/subject/26683723/,2018
13,13,哆啦A梦：大雄的金银岛,2018-06-01,20919.0,30.0,10.0,6.43,哆啦A梦：大雄的金银岛 ドラえもん のび太の宝島‎ (2018),6.5,今井一晓,水田山葵|大原惠美|嘉数由美|木村昴|关智一|高桥茂雄|长泽雅美|大泉洋|山下大辉|折笠富美子|大友龙三郎|早见沙织|悠木碧,动画|奇幻|冒险,日本,109.0,https://movie.douban.com/subject/27069070/,2018
14,14,唐人街探案2,2018-02-16,339240.0,37.5,35.5,7.525,唐人街探案2‎ (2018),6.7,陈思诚,王宝强|刘昊然|肖央|刘承羽|尚语贤|王迅|妻夫木聪|迈克尔·皮特|白灵|元华|曾江|王成思|杨金赐|范湉湉|佟丽娅|陈思诚,喜剧|动作|犯罪|悬疑,中国大陆,121.0,https://movie.douban.com/subject/26698897/,2018
15,15,嗝嗝老师,2018-10-12,12708.0,30.0,9.0,7.85,嗝嗝老师 Hichki‎ (2018),7.5,西达夫·马贺拉,拉妮·玛克赫吉|内拉吉·卡比|萨钦|苏普丽雅·皮尔加卡尔|罗特·萨拉夫|维克拉姆·戈克哈尔|雷伊·舒克拉|阿西夫·巴斯拉|加纳特·拉玛妮|侯赛因·达拉尔|伊万·罗德里格斯|坤纳·斯内德|哈许‧梅尔|什库马尔·苏布拉马尼亚姆,剧情|喜剧,印度,116.0,https://movie.douban.com/subject/30140571/,2018
16,16,复仇者联盟3：无限战争,2018-05-11,238864.0,37.0,15.0,7.83,复仇者联盟3：无限战争 Avengers: Infinity War‎ (2018),8.1,安东尼·罗素|乔·罗素,小罗伯特·唐尼|克里斯·海姆斯沃斯|克里斯·埃文斯|马克·鲁弗洛|乔什·布洛林|佐伊·索尔达娜|本尼迪克特·康伯巴奇|克里斯·帕拉特|汤姆·赫兰德|伊丽莎白·奥尔森|保罗·贝坦尼|斯嘉丽·约翰逊|查德维克·博斯曼|塞巴斯蒂安·斯坦|唐·钱德尔|汤姆·希德勒斯顿|安东尼·麦凯|黄凯旋|戴夫·巴蒂斯塔|布莱德利·库珀|范·迪塞尔|凯伦·吉兰|利蒂希娅·赖特|庞·克莱门捷夫|凯莉·库恩|汤姆-沃恩-劳勒|海登·瓦尔希|迈克尔·詹姆斯·肖|泰瑞·诺塔里|本尼西奥·德尔·托罗|彼特·丁拉基|罗斯·马昆德|丹娜·奎里拉|温斯顿·杜克|弗洛伦丝·卡松巴|塞缪尔·杰克逊|雅各布·巴特朗|斯坦·李,动作|科幻|奇幻|冒险,美国,150.0,https://movie.douban.com/subject/24773958/,2018
17,17,大闹西游,2018-09-22,3419.0,34.0,10.0,0.0,大闹西游‎ (2018),5.8,马系海,孙晔|沈达威|陶典|刘北辰,喜剧|动画|冒险,中国大陆,92.0,https://movie.douban.com/subject/30142649/,2018
18,18,头号玩家,2018-03-30,139666.0,36.333333333333336,19.666666666666668,5.14,头号玩家 Ready Player One‎ (2018),8.7,史蒂文·斯皮尔伯格,泰伊·谢里丹|奥利维亚·库克|本·门德尔森|马克·里朗斯|丽娜·维特|森崎温|赵家正|西蒙·佩吉|T·J·米勒|汉娜·乔恩-卡门|拉尔夫·尹爱森|苏珊·林奇|克莱尔·希金斯|劳伦斯·斯佩尔曼|佩蒂塔·维克斯|艾萨克·安德鲁斯,动作|科幻|冒险,美国,140.0,https://movie.douban.com/subject/4920389/,2018
19,19,奇迹男孩,2018-01-19,13617.0,30.0,14.0,8.93,奇迹男孩 Wonder‎ (2017),8.6,斯蒂芬·卓博斯基,雅各布·特伦布莱|朱莉娅·罗伯茨|伊扎贝拉·维多维奇|欧文·威尔逊|诺亚·尤佩|丹妮尔·罗丝·拉塞尔|纳吉·杰特|戴维德·迪格斯|曼迪·帕廷金|布莱斯·吉扎尔|艾尔·麦金农|泰·孔西利奥|詹姆斯·休斯|凯尔·布瑞特科夫|米莉·戴维斯|莉娅·朱厄特|凯琳·布瑞特科夫|利亚姆·迪金森|艾玛·特伦布莱|马克·多兹劳|鲁奇娅·伯纳德|J·道格拉斯·斯图瓦特|阿里·利伯特|埃丽卡·麦基特里克|本杰明·拉特纳|杰森·麦金农|索尼娅·布拉加|吉洁特,剧情|儿童|家庭,美国,114.0,https://movie.douban.com/subject/26787574/,2017
20,20,寂静之地,2018-05-18,19225.0,31.0,11.0,7.0,寂静之地 A Quiet Place‎ (2018),6.3,约翰·卡拉辛斯基,艾米莉·布朗特|约翰·卡拉辛斯基|米利森特·西蒙兹|诺亚·尤佩|凯德·伍德沃德|里昂·拉瑟姆|桃乐丝·麦卡锡,惊悚|恐怖,美国,91.0,https://movie.douban.com/subject/26997663/,2018
21,21,小萝莉的猴神大叔,2018-03-02,28329.0,31.0,17.0,7.56,小萝莉的猴神大叔 Bajrangi Bhaijaan‎ (2015),8.5,卡比尔·汗,萨尔曼·汗|哈莎莉·马洛特拉|卡琳娜·卡普尔|纳瓦祖丁·席迪圭|欧姆·普瑞|梅·维贾|席尔帕.舒克拉|拉什·沙玛|沙拉蒂·瑟斯纳|阿图·斯里瓦斯塔瓦|阿德南·萨米|马诺·巴克什,剧情|喜剧|动作,印度,141.0,https://movie.douban.com/subject/26393561/,2015
22,22,巨齿鲨,2018-08-10,102581.0,38.0,24.0,6.86,巨齿鲨 The Meg‎ (2018),5.8,乔·德特杜巴,杰森·斯坦森|李冰冰|雷恩·威尔森|鲁比·罗丝|赵文瑄|佩吉·肯尼迪|杰西卡·麦克娜美|奥拉维尔·达里·奥拉夫松|罗伯特·泰勒|蔡书雅|丘增|克利夫·柯蒂斯|安佑森|罗伯·基帕-威廉姆斯|维他亚·潘斯林加姆|安得烈·格兰杰|蒂姆·王|史蒂文·A·戴维斯|托万达·马尼莫|买红妹,动作|科幻|惊悚,美国,115.0,https://movie.douban.com/subject/26426194/,2018
23,23,巴霍巴利王2：终结,2018-05-04,7642.0,31.0,7.0,8.13,巴霍巴利王2：终结 Baahubali 2: The Conclusion‎ (2017),7.1,S·S·拉贾穆里,帕拉巴斯|拉纳·达格巴提|安努舒卡·谢蒂|特曼娜·芭蒂亚|萨伯拉杰|拉姆亚·克里希南|纳赛尔|挲塞亚拉杰,剧情|动作|奇幻,印度,141.0,https://movie.douban.com/subject/26420932/,2017
24,24,幕后玩家,2018-04-28,35861.0,35.5,17.0,6.725,幕后玩家‎ (2018),5.7,任鹏远,徐峥|王丽坤|王砚辉|段博文|任达华|于和伟|朱珠|赵达|谢楠|鲍晓,剧情|犯罪|悬疑,中国大陆,114.0,https://movie.douban.com/subject/26774033/,2018
25,25,幸福马上来,2018-06-08,7939.0,32.0,7.0,6.12,幸福马上来‎ (2018),3.8,冯巩|崔俊杰,冯巩|毛俊杰|刘昊然|牛莉|贾玲|张小斐|岳云鹏|姜宏波|白凯南|潘斌龙|涂松岩|宋宁|梁天|夏凡|梁超,喜剧,中国大陆,91.0,https://movie.douban.com/subject/26813286/,2018
26,26,影,2018-09-30,55895.0,36.0,13.0,7.4,影‎ (2018),7.4,张艺谋,邓超|孙俪|郑恺|王千源|王景春|胡军|关晓彤|吴磊,剧情|动作|武侠|古装,中国大陆,116.0,https://movie.douban.com/subject/4864908/,2018
27,27,快把我哥带走,2018-08-17,37378.0,32.0,12.5,3.76,快把我哥带走‎ (2018),6.9,郑芬芬,张子枫|彭昱畅|赵今麦|孙泽源|方翔锐|刘冠毅|姜宏波|徐光宇,喜剧|奇幻,中国大陆,115.0,https://movie.douban.com/subject/30122633/,2018
28,28,悲伤逆流成河,2018-09-21,27399.0,34.0,12.5,3.035,悲伤逆流成河‎ (2018),5.9,落落,赵英博|任敏|辛云来|章若楠|朱丹妮,剧情|爱情,中国大陆,104.0,https://movie.douban.com/subject/27102569/,2018
29,29,我不是药神,2018-07-05,303854.0,35.0,27.0,8.81,我不是药神‎ (2018),9.0,文牧野,徐峥|王传君|周一围|谭卓|章宇|杨新鸣|王佳佳|王砚辉|贾晨飞|龚蓓苾|宁浩|李乃文|岳小军|苇青|富冠铭|巴拉特·巴蒂|喜利图|张海艳|朱耕佑,剧情|喜剧,中国大陆,117.0,https://movie.douban.com/subject/26752088/,2018
30,30,我是你妈,2018-05-11,3620.0,32.0,6.0,6.33,我是你妈‎ (2018),5.0,张骁,闫妮|邹元清|吴若甫|吴大维|耿乐|张恒|曾江|廖学秋|那威|吴樾|曹思达|李政阳,剧情|喜剧,中国大陆,104.0,https://movie.douban.com/subject/26968024/,2018
31,31,找到你,2018-10-05,26684.0,32.0,9.0,7.49,找到你‎ (2018),7.4,吕乐,姚晨|马伊琍|袁文康|吴昊宸|王梓尘|陶昕然|高叶|齐欢,剧情,中国大陆,102.0,https://movie.douban.com/subject/27140071/,2018
32,32,捉妖记2,2018-02-16,223647.0,37.5,32.5,6.765,捉妖记2‎ (2018),5.0,许诚毅,梁朝伟|白百何|井柏然|李宇春|杨祐宁|大鹏|吴君如|曾志伟|黄磊|柳岩|吴莫愁|伍嘉成|赵磊|谷嘉诚|彭楚粤|陈泽希|郭子凡|肖战|焉栩嘉|夏之光|姜超|娄艺潇|张俪,喜剧|奇幻,中国大陆,110.0,https://movie.douban.com/subject/26575103/,2018
33,33,摩天营救,2018-07-20,60627.0,35.0,18.0,6.95,摩天营救 Skyscraper‎ (2018),6.4,罗森·马歇尔·瑟伯,道恩·强森|内芙·坎贝尔|黄经汉|罗兰·默勒|麦肯纳·罗伯茨|诺亚·科特雷尔|诺亚·泰勒|巴勃罗·施瑞博尔|凯文·兰金|昆凌|文峰|马特·欧莱瑞|比特里斯·金|马志|保罗·麦克吉莱恩|吴嘉星|艾德里安·霍姆斯|维努斯·特雷佐|杰特·克莱恩|拜伦·劳森|关永扬|法比欧·塔索恩|卡洛·余,动作|惊悚|冒险,美国,102.0,https://movie.douban.com/subject/26804147/,2018
34,34,新大头儿子和小头爸爸3：俄罗斯奇遇记,2018-07-06,15347.0,34.0,11.0,4.84,新大头儿子和小头爸爸3：俄罗斯奇遇记‎ (2018),5.0,何澄,刘纯燕|董浩|鞠萍|陈苏|耿晨晨|周志强|黄炜,儿童|动画|冒险|家庭,中国大陆,80.0,https://movie.douban.com/subject/30198729/,2018
35,35,无双,2018-09-30,116870.0,36.0,15.0,7.84,无双 無雙‎ (2018),8.1,庄文强,周润发|郭富城|张静初|冯文娟|廖启智|周家怡|王耀庆|方中信|高捷|邢佳栋|张松枝|张建声|吴嘉龙|孙佳君,剧情|动作|犯罪,中国大陆,130.0,https://movie.douban.com/subject/26425063/,2018
36,36,无问西东,2018-01-12,75399.0,31.5,16.0,7.94,无问西东‎ (2018),7.6,李芳芳,章子怡|黄晓明|张震|王力宏|陈楚生|铁政|祖锋|米雪|王盛德|韩童生|王鑫|郑铮|章泽天|黄梦莹|林美秀|保罗·菲利普·克拉克|胡家华|伊娜|吴谨言|纪帅|王天泽|伍麟凯|都金翰,剧情|爱情|战争,中国大陆,138.0,https://movie.douban.com/subject/6874741/,2018
37,37,星球大战：最后的绝地武士,2018-01-05,26751.0,37.0,14.0,7.59,星球大战8：最后的绝地武士 Star Wars: The Last Jedi‎ (2017),7.1,莱恩·约翰逊,马克·哈米尔|凯丽·费雪|黛西·雷德利|亚当·德赖弗|约翰·博耶加|奥斯卡·伊萨克|安迪·瑟金斯|露皮塔·尼永奥|多姆纳尔·格里森|安东尼·丹尼尔斯|格温多兰·克里斯蒂|凯莉·玛丽·陈|劳拉·邓恩|本尼西奥·德尔·托罗|弗兰克·奥兹|比莉·洛德|阿曼达·劳伦斯|吉米·维|贾斯汀·塞洛克斯|蒂姆·罗斯|汤姆·凯恩|亚德里安·埃德蒙松|马克·路易斯·琼斯|赫敏·科菲尔德|吴青芸|诺阿·西甘|保罗·卡塞|米凯拉·科尔|普莉安卡·伯福德|纳温·乔杜里|安德鲁·杰克|克里斯塔·克拉克|伊川东吾,动作|科幻|冒险,美国,152.0,https://movie.douban.com/subject/22265634/,2017
38,38,昨日青空,2018-10-26,6189.0,32.0,6.0,6.1,昨日青空‎ (2018),6.1,奚超,苏尚卿|王一博|段艺璇|马斑马|慧明,爱情|动画,中国大陆,82.0,https://movie.douban.com/subject/26290410/,2018
39,39,暴裂无声,2018-04-04,5377.0,32.0,6.0,7.33,暴裂无声‎ (2017),8.2,忻钰坤,宋洋|姜武|袁文康|谭卓|王梓尘|安琥|伊天锴,剧情|犯罪|悬疑,中国大陆,120.0,https://movie.douban.com/subject/26647117/,2017
40,40,李茶的姑妈,2018-09-30,49529.0,35.0,14.0,6.05,李茶的姑妈‎ (2018),5.1,吴昱翰,黄才伦|艾伦|宋阳|卢靖姗|沈腾,喜剧,中国大陆,113.0,https://movie.douban.com/subject/27092785/,2018
41,41,欧洲攻略,2018-08-17,15238.0,34.0,15.0,4.13,欧洲攻略‎ (2018),3.6,马楚成,梁朝伟|吴亦凡|唐嫣|杜鹃|林子祥|华栖龙|雅各布 格拉夫|元秋|刘家勇|罗莽|谢婷婷|周小飞|林德信|陈语安|黎烈弓|杰佳·亚宁,喜剧|动作|爱情,中国大陆,100.0,https://movie.douban.com/subject/26351812/,2018
42,42,比得兔,2018-03-02,15789.0,30.0,15.0,7.66,比得兔 Peter Rabbit‎ (2018),7.2,威尔·古勒,詹姆斯·柯登|多姆纳尔·格里森|萝丝·拜恩|伊丽莎白·德比茨基|玛格特·罗比|黛西·雷德利|科林·穆迪|山姆·尼尔|希雅|伊文·莱斯利|费萨尔·巴齐|克里斯蒂安·加扎尔|玛丽安娜·琼-巴普蒂斯特|加雷斯·戴维斯|山姆·哈夫特|萨莎·霍勒|娜塔丽·朱|特伦尼娅·爱德华兹|费利克斯·威廉森|许明珠|布莱恩·布朗|蕾切尔·沃德|大卫·文翰|威尔·赖歇尔特,喜剧|动画|冒险,美国,95.0,https://movie.douban.com/subject/26649604/,2018
43,43,江湖儿女,2018-09-21,5373.0,34.0,8.0,0.0,江湖儿女‎ (2018),7.7,贾樟柯,赵涛|廖凡|徐峥|梁嘉艳|刁亦男|张一白|丁嘉丽|张译|董子健|李宣|查娜|冯家妹|康亢|张晓军|柳敏|王谭|原文倩,爱情|犯罪,中国大陆,137.0,https://movie.douban.com/subject/26972258/,2018
44,44,游侠索罗：星球大战外传,2018-05-25,8186.0,36.0,6.0,7.09,游侠索罗：星球大战外传 Solo: A Star Wars Story‎ (2018),6.9,朗·霍华德,阿尔登·埃伦瑞奇|艾米莉亚·克拉克|伍迪·哈里森|唐纳德·格洛弗|保罗·贝坦尼|乔纳斯·索塔莫|菲比·沃勒-布里奇|沃维克·戴维斯|坦迪·牛顿|克林特·霍华德|伊安·肯尼|理查德·迪克森,动作|科幻|冒险,美国,135.0,https://movie.douban.com/subject/25900947/,2018
45,45,湮灭,2018-04-13,6513.0,32.0,6.0,7.65,湮灭 Annihilation‎ (2018),7.2,亚历克斯·嘉兰,娜塔莉·波特曼|詹妮弗·杰森·李|吉娜·罗德里格兹|泰莎·汤普森|奥斯卡·伊萨克|水野索诺娅|大卫·吉雅西|图娃·诺沃妮|黄凯旋|约翰·施瓦布|萨米·海曼|乔希·丹福德|克里斯汀·麦加里蒂,剧情|科幻|惊悚,美国,114.0,https://movie.douban.com/subject/26384741/,2018
46,46,潜艇总动员：海底两万里,2018-06-01,7236.0,31.0,9.0,5.64,潜艇总动员：海底两万里‎ (2018),3.7,申宇,范楚绒|洪海天|李晔|谭满堂,动画|奇幻|冒险,中国大陆,75.0,https://movie.douban.com/subject/30146980/,2018
47,47,熊出没·变形记,2018-02-16,54823.0,36.0,34.0,8.0,熊出没·变形记‎ (2018),6.8,丁亮|林汇达,张伟|张秉君|谭笑,喜剧|动画|冒险,中国大陆,89.0,https://movie.douban.com/subject/27176717/,2018
48,48,爱情公寓,2018-08-10,55460.0,35.0,28.0,2.89,爱情公寓‎ (2018),3.0,韦正,陈赫|袁弘|娄艺潇|邓家佳|孙艺洲|李佳航|李金铭|刘天佐|赵志伟|张双利|南派三叔|韦正|汪远|朱桢|于立,喜剧|冒险,中国大陆,117.0,https://movie.douban.com/subject/24852545/,2018
49,49,狂暴巨兽,2018-04-13,99171.0,35.0,12.0,6.96,狂暴巨兽 Rampage‎ (2018),6.4,布拉德·佩顿,道恩·强森|娜奥米·哈里斯|杰弗里·迪恩·摩根|玛琳·阿克曼|杰克·莱西|乔·曼根尼罗|玛丽·谢尔顿|P·J·伯恩|德米垂斯·格罗斯|杰克·奎德|布里安·希尔|马特·杰拉德|李威尹|尤里亚·费伯|布鲁斯·布莱克希尔|杰森·莱尔斯|马克·威尔斯|阿莉莎·布鲁克|亚当·希泰凯尔|加里·维克斯|阿诺德·陈,动作|科幻|冒险,美国,107.0,https://movie.douban.com/subject/26430636/,2018
50,50,狄仁杰之四大天王,2018-07-27,60639.0,39.0,17.5,6.98,狄仁杰之四大天王‎ (2018),6.2,徐克,赵又廷|冯绍峰|林更新|阮经天|马思纯|刘嘉玲|盛鉴|杨一威|唐古特·宝日夫|张傲月|孙蛟龙|汪汐潮|铁男|李炳雷|许明虎,动作|悬疑|奇幻|武侠|古装,中国大陆,132.0,https://movie.douban.com/subject/25882296/,2018
51,51,猛虫过江,2018-06-15,19067.0,32.0,12.0,4.39,猛虫过江‎ (2018),3.7,小沈阳,小沈阳|潘斌龙|宋芸桦|金士杰|刘桦|胡明|曹瑞|陈惠敏|姚中仁|李立群|苑琼丹|肖央|杨树林|陈汉典|九孔|纳豆|沈春阳|高捷|马浴柯,喜剧|动作,中国大陆,99.0,https://movie.douban.com/subject/26818314/,2018
52,52,环太平洋2：雷霆再起,2018-03-23,63313.0,35.0,11.5,6.87,环太平洋：雷霆再起 Pacific Rim: Uprising‎ (2018),5.5,斯蒂文·S·迪奈特,约翰·博耶加|斯科特·伊斯特伍德|卡莉·史派妮|景甜|查理·戴|伯恩·戈曼|张晋|亚德里亚·霍纳|菊地凛子|卡兰·布拉尔|黄恺杰|伊万娜·萨赫诺|新田真剑佑|吉丽|雪莉·罗德里格斯|拉哈特·亚当斯|列维·米登|达斯汀·克莱尔|陈梓童|于小伟|钱泳辰|郭家铭|蓝盈莹|金桢勋|菊池润美|丹尼尔·弗雷里格尔|齐柏林·汉密尔顿|尼克·塔拉贝|布里德基·萨蒂纳|小蒂姆·约翰逊|玛德琳·麦格劳|乔什·斯坦伯|斯蒂芬妮·阿琳|卢克·朱迪,动作|科幻|冒险,美国,111.0,https://movie.douban.com/subject/20435622/,2018
53,53,碟中谍6：全面瓦解,2018-08-31,122146.0,36.5,23.5,4.105,碟中谍6：全面瓦解 Mission: Impossible - Fallout‎ (2018),8.2,克里斯托弗·麦奎里,汤姆·克鲁斯|亨利·卡维尔|文·瑞姆斯|西蒙·佩吉|丽贝卡·弗格森|西恩·哈里斯|安吉拉·贝塞特|凡妮莎·柯比|米歇尔·莫纳汉|韦斯·本特利|费雷德里克·施密特|亚历克·鲍德温|杨亮|克里斯托弗·琼勒|沃尔夫·布利策|拉斐尔·琼勒|安德鲁·卡扎纳夫·平|克里斯多夫·德·舒瓦西|拉裴尔·德普雷|让·巴普蒂斯特·菲永|马克斯·盖勒|奥利维尔·体班德|亚历山大·普尔|阿利克斯·贝纳泽什|乔伊·安沙|维利贝·托皮奇|格雷厄姆·福克斯|卡斯珀·菲利普森|菲恩·乔利|鲁斯·贝恩|奈杰尔·艾伦,动作|惊悚|冒险,美国,148.0,https://movie.douban.com/subject/26336252/,2018
54,54,祖宗十九代,2018-02-16,14573.0,35.0,26.0,7.05,祖宗十九代‎ (2018),4.3,郭德纲,岳云鹏|吴京|吴秀波|井柏然|林志玲|王宝强|大鹏|吴君如|李晨|杜淳|郑恺|欧弟|张国立|贾乃亮|张俪|马苏|萧敬腾|汪东城|于谦|黄磊|吴樾|孙艺洲|贾玲|谢依霖|孟非|郭麒麟|谢楠|王小利|张晨光|刘蓓|孙越,喜剧|奇幻,中国大陆,95.0,https://movie.douban.com/subject/27114417/,2018
55,55,神奇马戏团,2018-07-21,5108.0,34.0,8.0,6.54,神奇马戏团之动物饼干 Magical Circus: Animal Crackers‎ (2017),5.6,托尼·班克罗夫特|斯科特·克里斯汀·萨瓦,艾米莉·布朗特|约翰·卡拉辛斯基|伊恩·麦克莱恩|西尔维斯特·史泰龙|丹尼·德维托|雷文-西蒙尼|帕特里克·沃伯顿|塔拉·斯特朗|吉尔伯特·戈特弗雷德|詹姆斯·阿诺德·泰勒|凯文·格雷维奥斯|哈维·费斯特恩|凯莉·库柯,喜剧|动画|奇幻|冒险,美国,94.0,https://movie.douban.com/subject/26253783/,2017
56,56,神秘巨星,2018-01-19,74707.0,30.5,17.0,8.835,神秘巨星 Secret Superstar‎ (2017),7.7,阿德瓦·香登,塞伊拉·沃西|梅·维贾|阿米尔·汗|拉杰·阿晶|提斯·沙马|卡比尔·谢赫|法如克·贾法尔|马努杰·沙玛|莫娜·安伯加卡尔|尼基塔·阿南德|尚|莫纳利·塔库尔,剧情|音乐,印度,150.0,https://movie.douban.com/subject/26942674/,2017
57,57,移动迷宫3：死亡解药,2018-01-26,31528.0,34.5,11.5,7.25,移动迷宫3：死亡解药 Maze Runner: The Death Cure‎ (2018),5.3,韦斯·鲍尔,迪伦·奥布莱恩|卡雅·斯考达里奥|李起弘|托马斯·布罗迪-桑斯特|罗莎·萨拉查|德克斯特·达登|艾丹·吉伦|威尔·保尔特|吉安卡罗·埃斯波西托|沃尔顿·戈金斯|派翠西娅·克拉克森|巴里·佩珀,动作|科幻|冒险,美国,142.0,https://movie.douban.com/subject/26004132/,2018
58,58,精灵旅社3：疯狂假期,2018-08-17,19543.0,34.0,14.0,7.16,精灵旅社3：疯狂假期 Hotel Transylvania 3: Summer Vacation‎ (2018),6.7,格恩迪·塔塔科夫斯基,亚当·桑德勒|凯瑟琳·哈恩|史蒂夫·布西密|赛琳娜·戈麦斯|阿什·布林克夫|梅尔·布鲁克斯|科甘-迈克尔·凯|安迪·萨姆伯格|法兰·德瑞雪|大卫·斯佩德|凯文·詹姆斯|莫莉·香侬|格恩迪·塔塔科夫斯基|乔·怀特|克莉丝汀·泰根|乔·乔纳斯|吉姆·加菲根,喜剧|动画|奇幻,美国,98.0,https://movie.douban.com/subject/26630714/,2018
59,59,红海行动,2018-02-16,359928.0,39.0,37.5,8.035,红海行动‎ (2018),8.3,林超贤,张译|黄景瑜|海清|杜江|蒋璐霞|尹昉|王强|郭家豪|王雨甜|麦亨利|张涵予|王彦霖,动作|战争,中国大陆,138.0,https://movie.douban.com/subject/26861685/,2018
60,60,胖子行动队,2018-09-30,22816.0,34.0,11.0,5.53,胖子行动队‎ (2018),3.9,包贝尔,文章|包贝尔|郭京飞|李成敏|辣目洋子|许君聪|曾一竣|张梦露|戚玉武|仓田保昭|木幡龙|宋佳|文隽,喜剧|动作,中国大陆,0.0,https://movie.douban.com/subject/27149818/,2018
61,61,蚁人2：黄蜂女现身,2018-08-24,82926.0,35.5,13.5,3.835,蚁人2：黄蜂女现身 Ant-Man and the Wasp‎ (2018),7.4,佩顿·里德,保罗·路德|伊万杰琳·莉莉|迈克尔·佩纳|汉娜·乔恩-卡门|沃尔顿·戈金斯|鲍比·坎纳瓦尔|朱迪·格雷尔|T.I.|大卫·达斯马齐连|艾比·莱德·弗特森|兰道尔·朴|米歇尔·菲佛|劳伦斯·菲什伯恩|迈克尔·道格拉斯|戈兰·卡斯蒂克|罗布·阿切尔|肖恩·克莱尔|本·戴维斯|迈克尔·瑟沃瑞斯|达克斯·格里芬|海莉·洛维特|玛德琳·麦格劳|蒂姆·海德克|布莱恩·赫斯基|朱莉娅·维拉|布莱恩·卢戈|托里·沃格尔|汤姆·夏普林|斯坦·李|约瑟夫·阿梅|安迪·阿尼斯|威廉·W·巴伯|玛塞拉·布拉吉奥|塞尔吉奥·布里奥内斯|乔·布卡罗三世|蒂莫西·卡尔|贾迈尔·钱伯斯|扎卡里·卡伯森|雅各布·埃文斯|米歇尔·方|盖尔·甘布尔|克里斯·加恩|约翰·盖蒂尔|杰克·汉森|卡茜·亨德利,动作|科幻|冒险,美国,119.0,https://movie.douban.com/subject/26636712/,2018
62,62,西游记女儿国,2018-02-16,70494.0,40.0,37.0,7.13,西游记女儿国‎ (2018),4.4,郑保瑞,郭富城|冯绍峰|赵丽颖|小沈阳|罗仲谦|林志玲|梁咏琪|刘涛|孙伊涵|苑琼丹|潘斌龙|陈雅丽|施诗,喜剧|爱情|奇幻,中国大陆,116.0,https://movie.douban.com/subject/25829175/,2018
63,63,西虹市首富,2018-07-27,251995.0,35.0,34.0,6.75,西虹市首富‎ (2018),6.6,闫非|彭大魔,沈腾|宋芸桦|张一鸣|张晨光|常远|魏翔|赵自强|九孔|李立群|王成思|徐冬冬|艾伦|杨皓宇|黄才伦|王力宏|包贝尔|郎咸平|张绍刚|杨文哲|陶亮|王赞|黄杨|刘鉴|杨沅翰|林炳宝|骆佳|陈昊明|臧一人,喜剧,中国大陆,118.0,https://movie.douban.com/subject/27605698/,2018
64,64,起跑线,2018-04-04,20872.0,31.0,10.0,7.83,起跑线 Hindi Medium‎ (2017),7.9,萨基特·乔杜里,伊尔凡·可汗|萨巴·卡玛尔|内哈·迪胡皮阿|迪帕克·迪布里亚尔|蒂希塔·塞加尔|阿莫瑞塔·金格|蒂洛塔玛·索姆|桑贾娜·桑吉|拉什·沙玛|桑贾伊·萨里|玛丽卡·杜阿|基兰·寇杰|丹尼·苏拉|斯沃蒂·达斯|苏米特·古拉蒂,剧情|喜剧,印度,131.0,https://movie.douban.com/subject/26942631/,2017
65,65,超人总动员2,2018-06-22,35314.0,34.5,12.0,8.01,超人总动员2 Incredibles 2‎ (2018),8.0,布拉德·伯德,格雷格·T·尼尔森|霍利·亨特|莎拉·沃威尔|赫克·米尔纳|伊莱·富西尔|凯瑟琳·基纳|塞缪尔·杰克逊|伊莎贝拉·罗西里尼|鲍勃·奥登科克|布拉德·伯德|索菲亚·布什|乔纳森·班克斯|约翰·拉岑贝格|金伯利·阿代尔·克拉克|托亚·特纳,喜剧|动作|动画|冒险,美国,126.0,https://movie.douban.com/subject/25849049/,2018
66,66,超时空同居,2018-05-18,89855.0,33.0,12.0,6.89,超时空同居‎ (2018),6.9,苏伦,雷佳音|佟丽娅|张衣|于和伟|王正佳|陶虹|李念|李光洁|杨玏|范明|徐峥|杨迪|方龄|陈昊,喜剧|爱情|奇幻,中国大陆,101.0,https://movie.douban.com/subject/27133303/,2018
67,67,邪不压正,2018-07-13,58018.0,36.0,16.0,7.36,邪不压正‎ (2018),7.2,姜文,彭于晏|廖凡|姜文|周韵|许晴|泽田谦也|安地|史航|李梦|丁嘉丽|陈曦,剧情|喜剧|动作,中国大陆,137.0,https://movie.douban.com/subject/26366496/,2018
68,68,铁血战士,2018-10-26,17204.0,35.0,8.0,5.79,铁血战士 The Predator‎ (2018),5.1,沙恩·布莱克,波伊德·霍布鲁克|崔凡特·罗兹|雅各布·特伦布莱|科甘-迈克尔·凯|奥立薇娅·玛恩|斯特林·K·布朗|托马斯·简|阿尔菲·艾伦|奥古斯托·阿奎莱拉|杰克·布塞|伊冯娜·斯特拉霍夫斯基|布赖恩·A·普林斯|麦克·多普德|尼尔迈特|加里·切克|艾米·阿内克|弗雷泽·艾奇逊|简·波斯|洛奇林·莫罗|叶芳华|里斯·威廉姆斯|萨奇·布洛克勒班克|肖恩·O.罗伯茨|柯林·科里根|帕特里克·萨邦圭|弗雷泽·科比特|阿隆·克拉文|安德鲁·詹金斯,动作|科幻|惊悚|冒险,美国,106.0,https://movie.douban.com/subject/25917789/,2018
69,69,镰仓物语,2018-09-14,4509.0,32.0,6.0,0.0,镰仓物语 DESTINY 鎌倉ものがたり‎ (2017),6.9,山崎贵,堺雅人|高畑充希|堤真一|安藤樱|田中泯|中村玉绪|市川实日子|室毅|要润|大仓孝二|神户浩|国村隼|古田新太|鹤田真由|药师丸博子|吉行和子|桥爪功|三浦友和,剧情|奇幻,日本,119.0,https://movie.douban.com/subject/26916229/,2017
70,70,阿凡提之奇缘历险,2018-10-01,7601.0,35.0,12.0,6.06,阿凡提之奇缘历险‎ (2018),5.1,刘炜,胡谦|李晔|蒋可|李扬|游军|王衡|王燕华|周南飞|瞿巍|严丽桢|黄晨,喜剧|动画,中国大陆,85.0,https://movie.douban.com/subject/30208004/,2018
71,71,阿尔法：狼伴归途,2018-09-07,11298.0,34.0,7.0,0.0,阿尔法：狼伴归途 Alpha‎ (2018),6.5,艾尔伯特·休斯,柯蒂·斯密特-麦菲|恰克|约翰内斯·豪克尔·约翰内森|娜塔莎·迈尔兹|蕾奥娜·维埃拉|延斯·赫尔腾|梅赛德斯·德拉泽尔达|普里亚·拉贾拉特南|斯潘塞·博加特|帕特里克·弗拉纳根|迈克尔·克鲁斯-代赫勒|马辛·科瓦奇克,剧情|冒险,美国,96.0,https://movie.douban.com/subject/26810318/,2018
72,72,黄金兄弟,2018-09-21,23242.0,35.0,14.0,0.0,黄金兄弟‎ (2018),5.1,钱嘉乐,郑伊健|陈小春|谢天华|钱嘉乐|林晓峰|曾志伟|佘诗曼|张雅玫,动作|犯罪,中国大陆,99.0,https://movie.douban.com/subject/27069427/,2018
73,73,黑豹,2018-03-09,66086.0,36.0,17.0,6.98,黑豹 Black Panther‎ (2018),6.4,瑞恩·库格勒,查德维克·博斯曼|露皮塔·尼永奥|迈克尔·B·乔丹|丹娜·奎里拉|马丁·弗瑞曼|丹尼尔·卡卢亚|利蒂希娅·赖特|温斯顿·杜克|斯特林·K·布朗|安吉拉·贝塞特|福里斯特·惠特克|安迪·瑟金斯|弗洛伦丝·卡松巴|约翰·卡尼|大卫·S.李|娜比娅·毕,动作|科幻|冒险,美国,135.0,https://movie.douban.com/subject/6390825/,2018
